{"cameraMode":{"drawMode":0,"name":"Shaded","section":"Shading Mode"},"sceneLighting":true,"audioPlay":false,"sceneViewState":{"m_AlwaysRefresh":false,"showFog":true,"showSkybox":true,"showFlares":true,"showImageEffects":true,"showParticleSystems":true,"showVisualEffectGraphs":true,"m_FxEnabled":true},"in2DMode":false,"pivot":{"x":344.7583923339844,"y":174.60479736328126,"z":-65.02783203125},"rotation":{"x":-0.12120423465967179,"y":0.007452984806150198,"z":-0.0009245821856893599,"w":-0.9926522374153137},"size":405.91290283203127,"orthographic":false}